{
  "main": {
    "id": "272c6dd95a04e0f9",
    "type": "split",
    "children": [
      {
        "id": "0e5fa9752a8bc171",
        "type": "tabs",
        "children": [
          {
            "id": "68c66e9ae776b184",
            "type": "leaf",
            "state": {
              "type": "markdown",
              "state": {
                "file": "General Foundry VTT Nonsense/Object Modification in Database.md",
                "mode": "source",
                "source": false
              },
              "icon": "lucide-file",
              "title": "Object Modification in Database"
            }
          },
          {
            "id": "e34a04b0a553415c",
            "type": "leaf",
            "state": {
              "type": "markdown",
              "state": {
                "file": "Important Notes.md",
                "mode": "source",
                "source": false
              },
              "icon": "lucide-file",
              "title": "Important Notes"
            }
          },
          {
            "id": "3c953fb733f03cc1",
            "type": "leaf",
            "state": {
              "type": "markdown",
              "state": {
                "file": "Important Notes.md",
                "mode": "source",
                "source": false
              },
              "icon": "lucide-file",
              "title": "Important Notes"
            }
          },
          {
            "id": "2a28807de9132081",
            "type": "leaf",
            "state": {
              "type": "markdown",
              "state": {
                "file": "Psychic Powers.md",
                "mode": "source",
                "source": false
              },
              "icon": "lucide-file",
              "title": "Psychic Powers"
            }
          }
        ],
        "currentTab": 3
      }
    ],
    "direction": "vertical"
  },
  "left": {
    "id": "834092f15d05b04d",
    "type": "split",
    "children": [
      {
        "id": "5e080423235cf84b",
        "type": "tabs",
        "children": [
          {
            "id": "54da6ac866da9746",
            "type": "leaf",
            "state": {
              "type": "file-explorer",
              "state": {
                "sortOrder": "alphabetical",
                "autoReveal": false
              },
              "icon": "lucide-folder-closed",
              "title": "Files"
            }
          },
          {
            "id": "db1b3443d5673b55",
            "type": "leaf",
            "state": {
              "type": "search",
              "state": {
                "query": "",
                "matchingCase": false,
                "explainSearch": false,
                "collapseAll": false,
                "extraContext": false,
                "sortOrder": "alphabetical"
              },
              "icon": "lucide-search",
              "title": "Search"
            }
          },
          {
            "id": "7260f55b31116c78",
            "type": "leaf",
            "state": {
              "type": "bookmarks",
              "state": {},
              "icon": "lucide-bookmark",
              "title": "Bookmarks"
            }
          }
        ]
      }
    ],
    "direction": "horizontal",
    "width": 300
  },
  "right": {
    "id": "4792250c8b1b4c91",
    "type": "split",
    "children": [
      {
        "id": "5eff9ffbf890ffa2",
        "type": "tabs",
        "children": [
          {
            "id": "9261d847cb0f492b",
            "type": "leaf",
            "state": {
              "type": "backlink",
              "state": {
                "collapseAll": false,
                "extraContext": false,
                "sortOrder": "alphabetical",
                "showSearch": false,
                "searchQuery": "",
                "backlinkCollapsed": false,
                "unlinkedCollapsed": true
              },
              "icon": "links-coming-in",
              "title": "Backlinks"
            }
          },
          {
            "id": "a99a94951a06fc2f",
            "type": "leaf",
            "state": {
              "type": "outgoing-link",
              "state": {
                "linksCollapsed": false,
                "unlinkedCollapsed": true
              },
              "icon": "links-going-out",
              "title": "Outgoing links"
            }
          },
          {
            "id": "d4aebacd13c53ec0",
            "type": "leaf",
            "state": {
              "type": "tag",
              "state": {
                "sortOrder": "frequency",
                "useHierarchy": true
              },
              "icon": "lucide-tags",
              "title": "Tags"
            }
          },
          {
            "id": "cb85857e77243beb",
            "type": "leaf",
            "state": {
              "type": "outline",
              "state": {},
              "icon": "lucide-list",
              "title": "Outline"
            }
          }
        ]
      }
    ],
    "direction": "horizontal",
    "width": 300,
    "collapsed": true
  },
  "left-ribbon": {
    "hiddenItems": {
      "switcher:Open quick switcher": false,
      "graph:Open graph view": false,
      "canvas:Create new canvas": false,
      "daily-notes:Open today's daily note": false,
      "templates:Insert template": false,
      "command-palette:Open command palette": false
    }
  },
  "active": "2a28807de9132081",
  "lastOpenFiles": [
    "Important Notes.md",
    "Psychic Powers.md",
    "Design",
    "Errata and Clarifications.md",
    "General Foundry VTT Nonsense/Sheet Nonsense.md",
    "images/Pasted image 20250404004858.png",
    "General Foundry VTT Nonsense/0 - Preamble.md",
    "General Foundry VTT Nonsense/Object Modification in Database.md",
    "System Overview.md",
    "Willpower VS Will Power.md",
    "images",
    "README.md",
    "Welcome.md",
    "General Foundry VTT Nonsense"
  ]
}