{
  "title": "Rogue Trader (Dev)",
  "description": "Rogue Trader (FFG) game system.",
  "url": "https://gitlab.com/LivinBreezy/RogueTrader-FoundryVTT",
  "version": "0.0.8",
  "esmodules": [
    "src/roguetrader.mjs"
  ],
  "styles": [
    "src/sheets/styles/style.css"
  ],
  "languages": [
    {
      "lang": "en",
      "name": "English",
      "path": "packs/lang/en.json",
      "flags": {}
    }
  ],
  "packs": [
  ],
  "grid": {
    "distance": 1,
    "units": "m"
  },
  "manifest": "https://gitlab.com/LivinBreezy/RogueTrader-FoundryVTT/-/raw/main/system.json",
  "download": "https://gitlab.com/LivinBreezy/RogueTrader-FoundryVTT/-/raw/main/release/roguetrader-release.zip",
  "primaryTokenAttribute": "",
  "secondaryTokenAttribute": "",
  "id": "roguetraderdev",
  "compatibility": {
    "minimum": "10",
    "verified": "12.331",
    "maximum": "12"
  }
}